ID,Time,Longitude,Latitude,Occupancy,Distance
22224,14:35:33,114.03183,22.526484,1,29
22224,21:20:31,114.03215,22.54735,1,20
22224,16:27:07,114.032204,22.632084,0,52
22224,16:25:12,114.0327,22.634117,0,0
22224,00:16:30,114.033531,22.553284,1,1
22224,16:31:54,114.034317,22.625099,0,23
22224,01:28:55,114.036018,22.566532,1,17
22224,01:28:40,114.036697,22.566732,1,42
22224,19:57:01,114.039597,22.563267,1,48
22224,21:28:59,114.042282,22.559732,1,2
22224,21:30:56,114.044563,22.564383,1,49
22224,14:16:41,114.048065,22.549299,1,0
22224,11:16:36,114.048447,22.524668,0,37
22224,11:00:48,114.048515,22.525517,1,0
22224,12:32:35,114.048584,22.591867,0,61
22224,00:29:06,114.054199,22.564867,1,78
22224,12:26:58,114.055679,22.619917,0,0
22224,12:27:28,114.055733,22.618401,0,52
22224,01:26:10,114.057968,22.566351,1,81
22224,11:20:52,114.059364,22.527468,1,18
22224,11:20:07,114.059586,22.525999,1,18
22224,01:40:26,114.062233,22.558451,0,70
22224,21:32:56,114.06353,22.56855,1,64
22224,11:37:01,114.064316,22.530132,1,12
22224,11:38:17,114.064384,22.529716,0,9
22224,11:37:32,114.064598,22.530167,0,1
22224,12:08:03,114.06765,22.564318,1,69
22224,21:34:03,114.071732,22.569633,1,22
22224,11:44:17,114.074066,22.535151,0,9
22224,01:24:40,114.074883,22.571501,1,84
22224,11:50:33,114.0784,22.541483,1,19
22224,01:24:10,114.080551,22.57255,1,75
22224,06:39:26,114.083717,22.571283,1,76
22224,12:03:48,114.084152,22.554916,1,20
22224,06:38:11,114.09362,22.568199,1,61
22224,22:17:19,114.093948,22.5585,1,67
22224,12:43:20,114.09462,22.556316,0,5
22224,12:41:50,114.094749,22.556618,0,15
22224,12:55:05,114.094902,22.556467,0,0
22224,13:08:05,114.097481,22.558451,0,31
22224,05:55:40,114.100067,22.613417,0,2
22224,06:23:40,114.100151,22.613518,0,8
22224,00:33:51,114.100182,22.570551,1,58
22224,02:07:40,114.100533,22.607767,0,0
22224,21:43:48,114.103317,22.572433,1,59
22224,07:55:27,113.887047,22.547483,0,0
22224,22:48:10,114.104019,22.556368,1,37
22224,22:10:33,114.10598,22.590218,0,0
22224,01:09:03,114.107368,22.565018,0,22
22224,13:33:56,114.109947,22.552183,1,63
22224,13:34:55,114.111786,22.558167,1,53
22224,13:15:14,114.112801,22.558718,1,94
22224,13:31:02,114.113251,22.549833,1,3
22224,13:26:03,114.114464,22.562017,1,56
22224,21:50:18,114.114998,22.580282,1,30
22224,21:47:18,114.11525,22.576401,1,10
22224,21:49:48,114.116135,22.577999,1,42
22224,13:24:18,114.11702,22.568617,1,30
22224,21:48:33,114.118164,22.576099,1,37
22224,00:49:01,114.121819,22.571533,0,22
22224,13:22:03,114.122147,22.572567,1,2
22224,23:02:13,114.125336,22.54775,1,0
22224,23:11:28,114.13665,22.570351,1,10
22224,23:25:48,114.151001,22.637182,1,4
22224,23:24:33,114.151169,22.635683,1,53
22224,23:27:03,114.151733,22.641701,1,27
22224,23:29:42,114.173683,22.651518,1,98
22224,23:30:44,114.186447,22.658484,1,91
22224,23:35:13,114.225151,22.684067,1,71
22224,23:44:33,114.336319,22.729616,1,86
22224,23:45:19,114.346718,22.731518,1,99
22224,23:46:03,114.352852,22.740368,1,91
22224,23:47:33,114.3685,22.753,1,85
22224,23:50:04,114.399651,22.76635,1,88
22224,23:50:28,114.404785,22.769899,1,98
22224,18:27:15,113.78418,22.677816,1,2
22224,18:04:48,113.786667,22.679399,0,0
22224,18:25:48,113.786819,22.678801,1,9
22224,17:46:32,113.78685,22.678183,1,7
22224,17:48:17,113.786903,22.678682,0,3
22224,18:58:05,113.820335,22.648233,1,18
22224,18:56:49,113.821983,22.648451,1,0
22224,18:56:20,113.822182,22.648533,1,1
22224,18:54:20,113.822304,22.648533,1,9
22224,19:05:05,113.8237,22.648649,0,64
22224,18:53:19,113.824486,22.651449,1,26
22224,17:24:53,113.830254,22.650499,1,58
22224,17:21:09,113.831917,22.650734,1,2
22224,17:19:24,113.832069,22.650734,1,0
22224,17:21:38,113.832069,22.650734,1,0
22224,17:21:53,113.832115,22.650734,1,2
22224,17:24:23,113.832115,22.650734,1,3
22224,17:16:55,113.833351,22.648983,1,2
22224,19:07:35,113.839516,22.634333,0,42
22224,19:11:20,113.843903,22.622066,0,61
22224,19:09:50,113.8452,22.626034,0,26
22224,17:14:08,113.852699,22.632483,1,83
22224,07:05:12,113.887016,22.547449,0,1
22224,06:59:26,113.887451,22.548018,1,2
22224,17:10:11,113.888901,22.658966,1,83
22224,17:09:27,113.897133,22.658167,1,75
22224,10:21:42,113.903397,22.557684,0,54
22224,10:22:26,113.905067,22.554983,1,3
22224,15:00:34,113.918633,22.526484,1,6
22224,10:25:42,113.921829,22.55545,1,64
22224,15:11:04,113.922318,22.540733,1,53
22224,14:53:48,113.924164,22.5268,1,32
22224,15:16:58,113.929382,22.542517,1,67
22224,10:27:42,113.939934,22.5553,1,57
22224,15:24:38,113.944901,22.542133,1,0
22224,14:50:18,113.951286,22.523783,1,85
22224,15:37:25,113.953003,22.561916,1,19
22224,15:36:10,113.953133,22.554466,1,64
22224,10:41:17,113.960518,22.564632,1,4
22224,10:38:28,113.96067,22.567101,1,3
22224,10:38:13,113.960686,22.567667,1,31
22224,15:41:25,113.971786,22.585716,1,81
22224,15:46:55,113.982201,22.585951,1,0
22224,14:47:03,113.989014,22.524549,1,61
22224,16:54:47,113.99102,22.587299,1,74
22224,20:19:23,113.999283,22.639883,1,69
22224,20:23:08,114.001266,22.643732,1,0
22224,16:00:40,114.00193,22.590933,1,26
22224,20:24:08,114.005486,22.646334,1,34
22224,20:14:38,114.01075,22.593149,1,61
22224,20:54:14,114.010902,22.59815,1,50
22224,20:15:23,114.011719,22.600582,1,69
22224,16:50:02,114.011765,22.607082,1,76
22224,20:27:38,114.013313,22.651318,1,24
22224,14:42:48,114.015366,22.532717,1,28
22224,20:28:08,114.015816,22.653133,1,40
22224,14:39:33,114.01683,22.532734,1,11
22224,20:36:20,114.018852,22.655767,0,18
22224,10:49:37,114.018951,22.550417,1,56
22224,19:52:46,114.0214,22.560183,1,59
22224,20:05:53,114.022415,22.560499,1,49
22224,14:31:17,114.024071,22.526083,0,17
22224,16:47:17,114.024597,22.620567,1,0
22224,14:29:01,114.025002,22.527082,1,3
22224,14:32:02,114.025101,22.527582,0,23
22224,00:25:06,114.025436,22.55575,1,17
22224,20:05:23,114.025597,22.561449,1,38
22224,19:53:15,114.025932,22.560966,1,61
22224,21:08:45,114.02597,22.5457,1,85
22224,14:25:31,114.026016,22.530184,1,61
22224,01:32:40,114.027748,22.557632,1,46
22224,00:25:51,114.028847,22.556967,1,44
22224,21:05:30,114.029968,22.543949,0,0
22224,16:21:28,114.033363,22.633883,0,0
22224,16:21:43,114.033363,22.6339,0,0
22224,16:31:34,114.034035,22.62565,0,2
22224,21:21:46,114.034302,22.547934,1,0
22224,21:22:01,114.034302,22.547934,1,0
22224,14:21:31,114.035965,22.5417,1,0
22224,11:08:04,114.038635,22.516268,1,1
22224,21:24:58,114.041115,22.553383,1,34
22224,00:01:27,114.042686,22.556784,0,43
22224,11:12:21,114.043602,22.51425,1,67
22224,10:55:16,114.044868,22.526617,1,0
22224,16:08:12,114.04493,22.609533,1,11
22224,16:16:05,114.044983,22.632299,0,36
22224,16:14:35,114.046654,22.63335,0,3
22224,14:17:41,114.047684,22.5474,1,27
22224,14:17:11,114.047684,22.54855,1,36
22224,11:00:33,114.04847,22.525583,1,1
22224,12:12:42,114.049065,22.591267,1,51
22224,01:38:26,114.049767,22.562283,0,29
22224,12:16:57,114.054665,22.609949,1,46
22224,06:41:56,114.054985,22.565083,1,75
22224,12:27:13,114.055717,22.61945,0,20
22224,12:27:47,114.055748,22.615467,0,51
22224,11:37:16,114.06443,22.530167,1,4
22224,11:29:25,114.067719,22.54265,0,55
22224,14:04:11,114.069481,22.532301,1,38
22224,11:29:38,114.069519,22.542749,0,51
22224,01:25:10,114.069519,22.569317,1,76
22224,14:00:54,114.071686,22.527567,0,7
22224,12:06:48,114.071899,22.55825,1,85
22224,11:33:16,114.071953,22.537201,1,53
22224,13:51:19,114.071953,22.551149,1,87
22224,11:42:32,114.072052,22.537251,0,19
22224,21:36:33,114.077469,22.572468,1,10
22224,00:31:21,114.078979,22.572651,1,66
22224,12:04:48,114.081352,22.556717,1,45
22224,11:58:18,114.083885,22.546949,1,1
22224,00:31:51,114.083916,22.571033,1,75
22224,12:03:33,114.084846,22.554417,1,16
22224,11:53:33,114.085167,22.543467,1,15
22224,11:52:33,114.085648,22.543301,1,14
22224,12:39:20,114.087769,22.558283,0,62
22224,01:47:11,114.090584,22.561117,0,38
22224,01:22:10,114.090981,22.558783,1,43
22224,21:42:18,114.091866,22.567568,1,25
22224,12:42:05,114.09462,22.556368,0,3
22224,13:09:05,114.099365,22.555367,0,0
22224,06:33:41,114.099586,22.606117,1,4
22224,06:33:26,114.099602,22.606133,1,0
22224,02:16:40,114.100548,22.607567,0,2
22224,02:19:10,114.101067,22.612133,0,23
22224,22:11:18,114.102585,22.58765,0,42
22224,13:37:10,114.103615,22.55855,1,39
22224,22:47:55,114.10392,22.555367,1,49
22224,22:42:24,114.104332,22.5525,1,12
22224,01:02:11,114.104965,22.549334,0,18
22224,01:13:03,114.105049,22.550833,0,27
22224,22:32:30,114.105247,22.547934,1,44
22224,22:32:45,114.105797,22.547068,1,19
22224,13:30:18,114.1138,22.551283,1,23
22224,21:58:20,114.11412,22.601316,1,23
22224,13:28:18,114.115402,22.554016,1,0
22224,13:26:48,114.1157,22.556683,1,29
22224,00:55:02,114.119232,22.554466,0,70
22224,13:19:17,114.119965,22.573767,0,11
22224,00:38:26,114.122284,22.578783,1,3
22224,00:42:17,114.122368,22.580282,0,33
22224,23:02:43,114.125381,22.547768,1,1
22224,23:06:28,114.131699,22.5616,1,0
22224,23:13:13,114.138069,22.573017,1,2
22224,23:17:13,114.138969,22.574717,1,14
22224,23:30:27,114.183014,22.656733,1,96
22224,23:34:27,114.215149,22.681101,1,78
22224,23:44:48,114.339546,22.729733,1,89
22224,23:46:20,114.354553,22.743,1,93
22224,23:46:35,114.35717,22.745434,1,88
22224,23:47:50,114.370903,22.754566,1,80
22224,18:57:37,113.821716,22.648367,1,11
22224,18:09:47,113.786919,22.679449,0,2
22224,17:47:30,113.786934,22.678682,0,3
22224,17:44:32,113.78817,22.679466,1,0
22224,18:29:16,113.788216,22.677549,1,35
22224,18:29:33,113.78907,22.677834,1,30
22224,17:42:46,113.790665,22.678101,1,71
22224,18:30:31,113.794479,22.677999,1,21
22224,17:42:17,113.795082,22.678133,1,48
22224,18:31:03,113.795868,22.677917,1,23
22224,17:41:31,113.796883,22.677467,1,0
22224,17:37:15,113.797218,22.675484,1,1
22224,17:36:15,113.797302,22.675318,1,9
22224,17:35:56,113.797546,22.674784,1,22
22224,18:33:48,113.798965,22.6726,1,4
22224,18:34:02,113.799065,22.672567,1,1
22224,18:35:33,113.80098,22.670816,1,21
22224,19:19:36,113.806602,22.6236,1,28
22224,17:32:58,113.806648,22.666283,1,3
22224,17:31:10,113.810532,22.661533,1,55
22224,18:44:30,113.811813,22.658867,1,18
22224,18:47:29,113.812386,22.657949,1,0
22224,18:46:42,113.812386,22.657967,1,0
22224,17:29:53,113.81295,22.657333,1,3
22224,19:21:06,113.814583,22.610518,1,60
22224,17:29:11,113.81588,22.653967,1,37
22224,19:03:50,113.817047,22.648582,0,31
22224,18:59:35,113.818848,22.649717,1,6
22224,17:27:23,113.819336,22.64995,1,15
22224,18:59:05,113.819366,22.649883,1,6
22224,17:27:09,113.819504,22.6497,1,9
22224,10:21:27,113.901871,22.558901,0,36
22224,18:26:48,113.785835,22.677933,1,45
22224,18:26:32,113.786766,22.678017,1,11
22224,18:24:34,113.786781,22.679501,0,1
22224,17:48:45,113.786819,22.679068,0,20
22224,17:45:59,113.786835,22.678133,1,0
22224,17:45:45,113.78685,22.678118,1,1
22224,17:48:02,113.786865,22.678682,0,0
22224,17:44:56,113.788033,22.679283,1,24
22224,17:43:32,113.788147,22.6791,1,11
22224,17:44:17,113.78817,22.679434,1,0
22224,18:30:01,113.791817,22.677868,1,45
22224,18:31:16,113.796432,22.677917,1,8
22224,17:39:44,113.796921,22.677467,1,0
22224,18:31:45,113.796951,22.675617,1,53
22224,17:40:45,113.796951,22.677467,1,0
22224,17:38:14,113.79715,22.67555,1,16
22224,17:36:44,113.797264,22.675467,1,0
22224,17:35:16,113.799667,22.672268,1,34
22224,17:34:32,113.801651,22.670549,1,2
22224,17:34:14,113.801666,22.670549,1,0
22224,17:33:47,113.802048,22.66995,1,44
22224,18:39:30,113.803818,22.667999,1,11
22224,17:33:29,113.803902,22.6682,1,72
22224,18:41:23,113.804535,22.667418,1,0
22224,18:46:57,113.812386,22.657967,1,0
22224,18:46:13,113.812401,22.657967,1,0
22224,17:30:10,113.812965,22.657316,1,0
22224,18:49:04,113.814034,22.658649,1,12
22224,18:49:35,113.814636,22.659,1,8
22224,17:29:23,113.814751,22.655251,1,56
22224,17:28:11,113.81665,22.653099,1,0
22224,17:27:55,113.817116,22.652599,1,41
22224,19:00:21,113.818214,22.649433,1,10
22224,18:58:52,113.81958,22.649633,1,11
22224,17:26:40,113.819946,22.648933,1,12
22224,18:56:06,113.822197,22.648518,1,2
22224,18:54:07,113.822914,22.64875,1,27
22224,18:53:05,113.823936,22.652149,1,32
22224,19:05:50,113.829269,22.646133,0,55
22224,17:20:40,113.832001,22.650717,1,3
22224,17:20:55,113.832016,22.650717,1,2
22224,17:22:26,113.832169,22.650717,1,4
22224,17:17:24,113.833397,22.649,1,0
22224,19:08:20,113.842232,22.631332,0,35
22224,19:09:16,113.844048,22.628384,0,35
22224,07:05:27,113.886986,22.547434,0,1
22224,07:04:27,113.887032,22.547483,0,0
22224,09:20:27,113.887047,22.547466,0,0
22224,08:45:27,113.88707,22.547466,0,0
22224,08:00:27,113.88707,22.547483,0,0
22224,10:14:57,113.887115,22.547518,0,0
22224,06:58:56,113.888016,22.548332,1,18
22224,17:09:55,113.892181,22.659317,1,92
22224,19:31:06,113.90567,22.586384,1,77
22224,17:07:49,113.907471,22.63895,1,93
22224,17:07:17,113.909737,22.632517,1,101
22224,17:06:34,113.916748,22.62355,1,100
22224,15:01:03,113.918587,22.526434,1,0
22224,14:58:04,113.918671,22.520416,1,33
22224,15:04:19,113.919334,22.530317,1,0
22224,15:04:49,113.91938,22.530268,1,0
22224,15:06:19,113.920151,22.534983,1,32
22224,14:53:33,113.924416,22.526033,1,61
22224,17:04:47,113.927551,22.603251,1,45
22224,15:15:28,113.928467,22.549101,1,26
22224,15:17:58,113.94075,22.5427,1,54
22224,15:29:23,113.943253,22.526182,1,2
22224,15:28:08,113.945183,22.527218,1,31
22224,15:31:33,113.947266,22.53005,0,30
22224,15:48:55,113.982918,22.586018,1,12
22224,15:52:10,113.985603,22.586433,1,3
22224,15:52:25,113.985718,22.586433,1,0
22224,20:22:08,113.999313,22.642099,1,23
22224,10:46:52,113.999947,22.555733,1,62
22224,06:46:26,114.00193,22.555817,1,79
22224,16:53:17,114.007065,22.590651,1,42
22224,16:50:17,114.009804,22.605749,1,62
22224,16:52:32,114.010147,22.594168,1,35
22224,21:11:00,114.011902,22.54435,1,19
22224,21:10:15,114.01355,22.54365,1,44
22224,21:15:07,114.014282,22.549116,0,61
22224,21:15:15,114.014915,22.548201,0,52
22224,14:41:18,114.016716,22.532801,1,2
22224,14:40:48,114.016853,22.532682,1,3
22224,14:39:48,114.016983,22.532633,1,1
22224,00:24:05,114.020767,22.55545,0,62
22224,20:35:50,114.021233,22.65745,0,24
22224,20:34:05,114.02153,22.658251,0,7
22224,20:33:05,114.021553,22.657967,0,2
22224,20:46:21,114.021568,22.639233,1,3
22224,21:18:16,114.021881,22.544916,1,86
22224,14:30:32,114.023453,22.525417,0,12
22224,14:37:03,114.025116,22.531401,1,59
22224,14:32:17,114.025352,22.5282,0,14
22224,00:19:04,114.025566,22.561666,1,18
22224,16:39:52,114.02813,22.62355,1,0
22224,21:04:28,114.029869,22.544518,1,9
22224,21:20:01,114.031967,22.547318,1,26
22224,16:28:13,114.031982,22.63085,0,5
22224,16:26:46,114.032051,22.634132,0,15
22224,00:07:32,114.032219,22.547617,0,9
22224,19:55:01,114.032684,22.562099,1,15
22224,20:01:23,114.033333,22.566816,0,8
22224,14:21:16,114.03595,22.5417,1,0
22224,00:01:57,114.038986,22.556316,0,45
22224,21:24:35,114.039619,22.55345,1,3
22224,00:11:27,114.039619,22.556232,0,54
22224,00:13:40,114.040268,22.551483,0,30
22224,11:11:38,114.040604,22.51355,1,14
22224,00:12:10,114.041565,22.5539,0,30
22224,11:06:19,114.042236,22.52095,1,2
22224,00:00:57,114.042366,22.559084,0,69
22224,10:54:41,114.044685,22.529984,1,33
22224,16:05:42,114.047768,22.593834,1,44
22224,01:37:56,114.048485,22.5646,0,63
22224,16:05:27,114.050064,22.592234,1,56
22224,12:12:27,114.0504,22.589649,1,66
22224,12:33:59,114.05497,22.580967,0,78
22224,12:21:57,114.055496,22.628416,1,47
22224,12:27:57,114.055565,22.614332,0,59
22224,14:08:26,114.058067,22.536551,1,22
22224,00:29:51,114.062386,22.568317,1,80
22224,14:05:11,114.064117,22.531668,1,52
22224,11:29:08,114.065117,22.542601,0,40
22224,12:36:20,114.067566,22.565216,0,78
22224,12:36:35,114.067619,22.562599,0,75
22224,14:02:55,114.069321,22.526501,0,1
22224,01:42:26,114.069885,22.558033,0,66
22224,01:24:55,114.072533,22.570017,1,80
22224,06:40:26,114.072617,22.570049,1,83
22224,11:44:48,114.074921,22.534599,1,3
22224,01:43:11,114.07782,22.558216,0,73
22224,12:00:33,114.083946,22.548918,1,26
22224,01:44:56,114.090752,22.558451,0,2
22224,12:40:35,114.091904,22.558367,0,44
22224,12:44:50,114.094765,22.556499,0,1
22224,13:44:34,114.09523,22.561417,1,2
22224,00:33:36,114.098297,22.569633,1,67
22224,22:14:03,114.098816,22.571333,0,55
22224,01:56:56,114.098969,22.5741,0,63
22224,02:00:48,114.09967,22.605301,0,25
22224,02:02:10,114.099716,22.606268,0,36
22224,05:20:40,114.099998,22.613501,0,0
22224,02:20:39,114.099998,22.61355,0,2
22224,04:35:40,114.100014,22.613533,0,0
22224,06:26:10,114.100166,22.613567,0,1
22224,02:19:40,114.100601,22.612783,0,20
22224,02:16:55,114.1008,22.607817,0,28
22224,22:35:38,114.101151,22.544317,1,29
22224,22:36:23,114.101196,22.546932,1,23
22224,22:38:54,114.102036,22.547817,1,12
22224,22:08:18,114.102402,22.593782,0,28
22224,01:14:33,114.103333,22.549133,0,19
22224,01:01:26,114.104599,22.5525,0,41
22224,22:31:51,114.104652,22.549868,1,6
22224,21:44:33,114.106682,22.57445,1,8
22224,21:53:18,114.111916,22.597584,1,42
22224,13:30:33,114.113731,22.550882,1,11
22224,21:47:03,114.114334,22.576384,1,34
22224,21:47:48,114.115868,22.576401,1,16
22224,21:57:18,114.117287,22.604799,0,2
22224,00:50:17,114.118179,22.568783,0,7
22224,00:37:26,114.119484,22.579018,1,45
22224,13:21:48,114.122147,22.572483,1,2
22224,13:22:33,114.122353,22.571449,1,23
22224,00:47:17,114.123436,22.575367,0,52
22224,23:08:14,114.13623,22.566767,1,2
22224,23:12:58,114.138,22.572733,1,20
22224,23:15:43,114.138733,22.574017,1,20
22224,23:22:33,114.156013,22.620184,1,75
22224,23:28:56,114.163834,22.6474,1,91
22224,23:30:14,114.180099,22.655117,1,91
22224,23:34:55,114.22187,22.682734,1,94
22224,23:45:36,114.349632,22.7341,1,98
22224,23:47:18,114.36557,22.751017,1,91
22224,23:48:18,114.376999,22.757517,1,97
22224,23:50:44,114.407829,22.772133,1,95
22224,23:51:12,114.413551,22.775949,1,82
22224,17:41:15,113.796921,22.677467,1,0
22224,17:38:47,113.796936,22.676767,1,0
22224,17:40:31,113.796951,22.677467,1,0
22224,17:37:16,113.797218,22.675484,1,1
22224,17:35:57,113.797546,22.674784,1,22
22224,18:32:17,113.798065,22.673468,1,3
22224,18:34:03,113.799065,22.672567,1,1
22224,18:37:43,113.803215,22.668432,1,0
22224,17:33:15,113.805679,22.666967,1,54
22224,17:32:44,113.806664,22.666283,1,0
22224,17:32:15,113.806702,22.666267,1,0
22224,19:19:51,113.807671,22.621817,1,68
22224,19:17:50,113.809868,22.626734,0,2
22224,18:31:30,113.796799,22.677299,1,38
22224,17:31:08,113.810532,22.661533,1,55
22224,18:27:17,113.78418,22.677816,1,2
22224,18:26:45,113.785835,22.677933,1,45
22224,19:20:21,113.81073,22.61665,1,81
22224,18:46:43,113.812386,22.657967,1,0
22224,17:29:54,113.81295,22.657333,1,3
22224,18:49:20,113.814316,22.6588,1,7
22224,19:03:51,113.817047,22.648582,0,31
22224,19:04:06,113.817665,22.64765,0,38
22224,19:01:06,113.8181,22.649366,0,0
22224,18:59:36,113.818848,22.649717,1,6
22224,17:27:24,113.819336,22.64995,1,15
22224,18:58:19,113.82003,22.648884,1,19
22224,18:51:05,113.820084,22.6612,1,37
22224,18:58:06,113.820335,22.648233,1,18
22224,18:51:50,113.821869,22.6581,1,35
22224,18:52:19,113.821915,22.655733,1,33
22224,18:56:21,113.822182,22.648533,1,1
22224,18:55:49,113.822197,22.648466,1,0
22224,18:54:21,113.822304,22.648533,1,9
22224,19:05:06,113.8237,22.648649,0,64
22224,17:25:11,113.82827,22.650084,1,57
22224,17:24:54,113.830254,22.650499,1,58
22224,19:22:51,113.83033,22.617332,1,83
22224,17:19:25,113.832069,22.650734,1,0
22224,17:21:54,113.832115,22.650734,1,2
22224,17:24:24,113.832115,22.650734,1,3
22224,17:22:40,113.832169,22.650682,1,1
22224,17:22:23,113.832169,22.650717,1,4
22224,17:16:56,113.833351,22.648983,1,2
22224,17:17:56,113.833382,22.649099,1,1
22224,17:17:21,113.833397,22.649,1,0
22224,19:06:50,113.835335,22.638933,0,75
22224,19:10:20,113.846649,22.623867,0,15
22224,19:27:51,113.878868,22.612833,1,86
22224,17:10:40,113.882332,22.657883,1,92
22224,09:15:27,113.88707,22.547434,0,0
22224,17:10:09,113.888901,22.658966,1,83
22224,10:20:12,113.897781,22.556517,0,0
22224,15:02:34,113.918602,22.526466,1,0
22224,15:05:49,113.919746,22.531782,1,27
22224,14:56:48,113.92067,22.518917,1,35
22224,19:38:43,113.933563,22.555166,1,45
22224,15:27:38,113.945168,22.527683,1,0
22224,10:28:27,113.945564,22.554983,1,29
22224,15:34:25,113.95208,22.538218,1,38
22224,15:35:40,113.954498,22.550051,1,64
22224,15:35:25,113.954819,22.547533,1,70
22224,14:49:48,113.957283,22.5231,1,79
22224,19:40:58,113.958984,22.556517,1,75
22224,10:43:37,113.967133,22.557182,1,52
22224,15:43:40,113.979218,22.586132,1,15
22224,10:44:52,113.979767,22.5576,1,83
22224,15:45:25,113.98085,22.586,1,0
22224,15:47:40,113.982567,22.585966,1,0
22224,15:50:55,113.984451,22.586267,1,0
22224,19:46:46,113.986351,22.558968,1,29
22224,19:47:01,113.987648,22.558983,1,37
22224,20:22:53,114.001266,22.643766,1,0
22224,21:11:30,114.010513,22.54665,1,49
22224,21:10:30,114.012184,22.543432,1,24
22224,20:27:23,114.013,22.651199,1,11
22224,20:10:08,114.013252,22.566851,1,27
22224,16:49:32,114.014771,22.610701,1,70
22224,14:40:18,114.016968,22.532667,1,1
22224,20:36:35,114.01873,22.655701,0,4
22224,00:21:20,114.019165,22.560667,0,13
22224,18:09:48,113.786919,22.679449,0,2
22224,10:49:52,114.020081,22.549,1,41
22224,10:50:07,114.021286,22.547518,1,56
22224,21:01:28,114.021332,22.544832,1,71
22224,20:35:20,114.021469,22.657551,0,7
22224,14:23:46,114.023331,22.539833,1,56
22224,17:41:32,113.796883,22.677467,1,0
22224,14:23:31,114.025497,22.540016,1,52
22224,14:32:32,114.025833,22.528168,0,13
22224,01:34:40,114.028702,22.560083,1,7
22224,14:34:48,114.030647,22.526867,1,13
22224,20:02:53,114.032097,22.56695,1,40
22224,16:25:06,114.0327,22.6341,0,0
22224,16:26:12,114.0327,22.6341,0,0
22224,20:01:40,114.033348,22.566784,0,3
22224,16:22:58,114.033401,22.633867,0,0
22224,19:55:46,114.033867,22.562283,1,7
22224,16:19:37,114.033867,22.633783,0,5
22224,19:56:01,114.034447,22.562416,1,25
22224,16:36:07,114.034653,22.624884,1,2
22224,16:35:52,114.034698,22.624901,1,0
22224,16:04:12,114.038147,22.593451,1,69
22224,19:57:16,114.041,22.563467,1,32
22224,11:12:06,114.041336,22.514767,1,21
22224,21:29:45,114.042198,22.55995,1,20
22224,21:28:57,114.042282,22.559732,1,0
22224,12:30:43,114.04332,22.602516,0,59
22224,10:56:01,114.044518,22.525917,1,22
22224,16:15:35,114.046021,22.632217,0,0
22224,16:06:12,114.048286,22.59655,1,61
22224,11:15:21,114.048569,22.521116,1,0
22224,14:16:11,114.048767,22.549282,1,22
22224,01:38:11,114.049164,22.563766,0,45
22224,11:13:06,114.049248,22.514267,1,57
22224,14:15:10,114.049934,22.549267,0,0
22224,12:28:43,114.053902,22.607933,0,63
22224,12:11:27,114.054581,22.581699,1,56
22224,12:23:27,114.055321,22.625217,1,16
22224,18:29:17,113.788216,22.677549,1,35
22224,12:19:12,114.055817,22.6196,1,41
22224,11:21:37,114.05822,22.533833,1,57
22224,11:27:15,114.062798,22.54105,0,60
22224,11:41:32,114.065636,22.53805,0,45
22224,13:57:09,114.067215,22.531433,1,13
22224,12:36:05,114.067551,22.5681,0,69
22224,13:56:39,114.068153,22.531834,1,56
22224,01:42:41,114.072403,22.558117,0,74
22224,21:36:03,114.076447,22.572166,1,13
22224,11:46:03,114.077232,22.53595,1,12
22224,12:05:33,114.082352,22.559267,1,20
22224,12:03:03,114.086304,22.553118,1,21
22224,12:02:48,114.086586,22.551983,1,27
22224,01:22:25,114.090118,22.560801,1,66
22224,06:38:31,114.090416,22.567333,1,72
22224,01:45:56,114.090431,22.559433,0,50
22224,13:47:49,114.091599,22.558367,1,11
22224,13:45:34,114.09465,22.561449,1,2
22224,13:42:49,114.095619,22.561466,1,5
22224,22:17:04,114.09655,22.558416,1,51
22224,13:39:40,114.098419,22.561632,0,1
22224,22:13:33,114.098419,22.574932,0,39
22224,01:57:26,114.099197,22.577333,0,7
22224,13:09:35,114.099365,22.555349,0,0
22224,06:33:11,114.099564,22.606133,1,0
22224,02:01:10,114.09967,22.605433,0,3
22224,02:30:40,114.099953,22.613382,0,2
22224,02:50:40,114.099968,22.613449,0,2
22224,03:05:40,114.100052,22.613649,0,1
22224,01:48:56,114.100235,22.561434,0,44
22224,06:25:40,114.100235,22.613649,0,3
22224,02:19:55,114.100266,22.613617,0,3
22224,06:26:55,114.100319,22.6136,0,7
22224,13:10:35,114.100517,22.555166,0,5
22224,13:37:25,114.101669,22.558599,1,63
22224,22:08:48,114.103752,22.592768,0,15
22224,22:47:40,114.104218,22.553133,1,12
22224,22:41:39,114.10527,22.549717,1,30
22224,22:09:33,114.105751,22.592867,0,29
22224,22:33:14,114.105919,22.546467,1,1
22224,01:09:48,114.10672,22.563417,0,46
22224,22:09:48,114.107468,22.592501,0,38
22224,01:07:33,114.10775,22.565018,1,12
22224,01:08:33,114.107933,22.565701,0,30
22224,13:35:25,114.112152,22.558817,1,40
22224,00:59:02,114.113632,22.554617,0,52
22224,13:30:03,114.114014,22.552099,1,19
22224,13:29:48,114.114403,22.552717,1,27
22224,21:54:18,114.115036,22.601767,1,0
22224,13:29:18,114.115349,22.553949,1,1
22224,21:57:38,114.116867,22.604433,1,38
22224,13:20:32,114.120232,22.573732,0,6
22224,00:49:32,114.120247,22.570299,0,37
22224,00:54:47,114.120567,22.556499,0,61
22224,00:48:32,114.122002,22.571934,0,7
22224,00:51:32,114.122116,22.567232,0,1
22224,00:53:02,114.122887,22.5618,0,25
22224,22:59:28,114.124603,22.547617,1,0
22224,23:03:58,114.126297,22.5534,1,37
22224,23:10:42,114.136986,22.570183,1,24
22224,23:20:49,114.151268,22.603117,1,73
22224,23:24:18,114.151466,22.634268,1,30
22224,23:29:44,114.173683,22.651518,1,98
22224,23:30:54,114.189201,22.659817,1,88
22224,23:33:54,114.211548,22.679399,1,69
22224,23:34:28,114.215149,22.681101,1,78
22224,18:28:16,113.788101,22.677183,1,20
22224,23:35:15,114.225151,22.684067,1,71
22224,23:42:03,114.303352,22.723118,1,96
22224,23:44:35,114.336319,22.729616,1,86
22224,23:46:05,114.352852,22.740368,1,91
22224,18:26:02,113.786819,22.678467,1,3
22224,23:46:21,114.354553,22.743,1,93
22224,23:47:35,114.3685,22.753,1,85
22224,23:47:48,114.370903,22.754566,1,80
22224,23:51:27,114.416084,22.777399,1,87
22224,17:44:47,113.788147,22.679466,1,1
22224,17:42:47,113.790665,22.678101,1,71
22224,17:47:31,113.786934,22.678682,0,3
22224,18:30:32,113.794479,22.677999,1,21
22224,20:28:53,114.018532,22.6549,1,21
22224,16:02:10,114.014832,22.590967,1,79
22224,16:49:47,114.013649,22.60865,1,67
22224,20:10:23,114.012901,22.567583,1,11
22224,20:16:08,114.010803,22.608032,1,67
22224,20:25:23,114.010551,22.649517,1,2
22224,14:44:48,114.009781,22.530001,1,59
22224,16:53:02,114.009087,22.590584,1,68
22224,20:51:51,114.008163,22.620968,1,44
22224,06:46:41,113.999069,22.555767,1,78
22224,19:50:01,113.998985,22.555767,1,12
22224,19:48:46,113.993896,22.556868,1,15
22224,15:55:40,113.990364,22.587084,1,3
22224,15:45:55,113.9813,22.585966,1,10
22224,19:43:13,113.970551,22.557217,1,24
22224,15:40:40,113.966667,22.579082,1,74
22224,10:37:58,113.961868,22.568167,1,35
22224,10:31:42,113.9618,22.556049,1,28
22224,10:32:42,113.96067,22.564133,1,14
22224,10:41:38,113.960548,22.563984,1,42
22224,15:35:55,113.953529,22.552067,1,67
22224,15:36:55,113.953033,22.560682,1,28
22224,15:27:08,113.945213,22.528732,1,33
22224,15:26:22,113.94503,22.535133,1,54
22224,15:17:28,113.93515,22.5425,1,63
22224,19:38:28,113.932152,22.55505,1,32
22224,14:52:33,113.928314,22.524883,1,12
22224,17:04:32,113.927483,22.602283,1,4
22224,15:13:58,113.92318,22.54915,1,0
22224,15:08:19,113.922653,22.535467,1,0
22224,15:06:49,113.922203,22.5354,1,0
22224,17:06:33,113.916748,22.62355,1,100
22224,19:31:21,113.907799,22.584101,1,79
22224,17:07:48,113.907471,22.63895,1,93
22224,19:30:51,113.9039,22.588266,1,72
22224,06:57:26,113.895035,22.553932,1,1
22224,17:09:54,113.892181,22.659317,1,92
22224,07:04:57,113.887032,22.547483,0,0
22224,19:27:06,113.87207,22.619333,1,77
22224,17:12:53,113.86055,22.641167,1,92
22224,17:15:08,113.842834,22.63545,1,71
22224,17:18:24,113.833679,22.64925,1,13
22224,17:18:39,113.833435,22.650284,1,25
22224,17:17:39,113.833435,22.649117,1,4
22224,17:16:41,113.833214,22.648783,1,42
22224,17:22:54,113.832085,22.6507,1,0
22224,17:20:54,113.832016,22.650717,1,2
22224,19:06:20,113.831367,22.643017,0,66
22224,17:25:26,113.825302,22.649349,1,84
22224,18:53:37,113.825249,22.650299,1,35
22224,18:54:06,113.822914,22.64875,1,27
22224,18:52:36,113.822319,22.654449,1,41
22224,18:55:22,113.822197,22.648451,1,2
22224,18:56:35,113.822014,22.648434,1,4
22224,18:57:19,113.821899,22.648417,1,1
22224,18:52:04,113.821747,22.656668,1,33
22224,17:25:53,113.820831,22.648132,1,36
22224,17:26:09,113.82032,22.648199,1,13
22224,18:58:51,113.81958,22.649633,1,11
22224,18:59:52,113.818718,22.649651,1,4
22224,19:04:23,113.818481,22.646833,0,30
22224,19:00:37,113.8181,22.649401,1,2
22224,17:27:54,113.817116,22.652599,1,41
22224,17:28:41,113.816704,22.653067,1,0
22224,17:28:21,113.816704,22.653067,1,0
22224,17:28:10,113.81665,22.653099,1,0
22224,18:50:05,113.816231,22.65975,1,15
22224,19:02:07,113.81543,22.651867,0,44
22224,18:49:34,113.814636,22.659,1,8
22224,17:29:38,113.813469,22.6567,1,53
22224,19:16:35,113.813049,22.625933,0,35
22224,18:46:12,113.812401,22.657967,1,0
22224,18:46:56,113.812386,22.657967,1,0
22224,18:47:15,113.812386,22.657949,1,0
22224,18:41:22,113.804535,22.667418,1,0
22224,17:34:31,113.801651,22.670549,1,2
22224,17:34:56,113.800415,22.671717,1,21
22224,18:33:33,113.798836,22.672716,1,7
22224,18:33:00,113.79847,22.672951,1,10
22224,18:32:46,113.798264,22.673183,1,4
22224,17:37:59,113.797264,22.675432,1,0
22224,17:40:44,113.796951,22.677467,1,0
22224,18:30:00,113.791817,22.677868,1,45
22224,17:44:16,113.78817,22.679434,1,0
22224,17:43:31,113.788147,22.6791,1,11
22224,17:46:47,113.78688,22.678551,1,6
22224,17:46:14,113.78685,22.678101,1,0
22224,18:25:36,113.786835,22.678867,1,3
22224,17:45:58,113.786835,22.678133,1,0
22224,18:24:33,113.786781,22.679501,0,1
22224,18:26:31,113.786766,22.678017,1,11
22224,18:27:33,113.784782,22.677782,1,35
22224,16:02:25,114.017548,22.5919,1,83
22224,23:48:20,114.376999,22.757517,1,97
22224,23:47:20,114.36557,22.751017,1,91
22224,23:46:48,114.359779,22.747183,1,86
22224,23:45:35,114.349632,22.7341,1,98
22224,23:34:54,114.22187,22.682734,1,94
22224,23:33:43,114.208984,22.678568,1,75
22224,23:29:57,114.17675,22.65325,1,99
22224,23:24:48,114.151131,22.636749,1,4
22224,23:14:13,114.138268,22.573,1,10
22224,23:12:13,114.13765,22.571667,1,0
22224,23:07:43,114.1362,22.566999,1,31
22224,23:04:43,114.129799,22.558718,1,72
22224,22:51:10,114.125771,22.5527,1,49
22224,22:51:40,114.125732,22.549982,1,4
22224,00:37:56,114.122452,22.579384,1,14
22224,13:31:51,114.112785,22.549232,0,2
22224,13:33:58,114.109917,22.552467,1,57
22224,21:44:18,114.106201,22.574083,1,30
22224,01:13:48,114.105217,22.549618,0,1
22224,22:31:50,114.104652,22.549868,1,6
22224,06:30:11,114.104019,22.610132,1,22
22224,01:11:03,114.103996,22.561716,0,18
22224,22:28:43,114.10392,22.554832,1,0
22224,22:06:33,114.101883,22.598232,0,1
22224,22:06:18,114.101852,22.5982,1,2
22224,22:35:23,114.101753,22.543917,1,42
22224,06:28:11,114.101265,22.612333,1,2
22224,22:12:18,114.100929,22.58185,0,25
22224,05:00:40,114.100052,22.613501,0,5
22224,03:30:40,114.100037,22.613501,0,0
22224,06:10:40,114.099869,22.613434,0,1
22224,22:15:18,114.099136,22.56205,0,2
22224,13:48:34,114.091614,22.558399,1,2
22224,12:02:03,114.085915,22.551666,1,13
22224,11:56:18,114.08403,22.544832,1,10
22224,12:00:03,114.083946,22.547567,1,5
22224,12:38:50,114.082314,22.558268,0,73
22224,12:38:35,114.079247,22.558201,0,71
22224,11:49:33,114.07843,22.540501,1,8
22224,11:42:17,114.071884,22.538433,0,24
22224,14:01:10,114.071518,22.527166,0,12
22224,11:42:02,114.070786,22.538601,0,48
22224,11:35:31,114.06813,22.532249,1,50
22224,12:36:50,114.067665,22.559999,0,64
22224,12:35:05,114.065498,22.576567,0,66
22224,01:40:41,114.064651,22.557917,0,60
22224,21:33:03,114.064499,22.568666,1,63
22224,11:40:17,114.063248,22.535168,0,0
22224,11:39:17,114.063164,22.534416,0,31
22224,11:41:02,114.063148,22.537416,0,13
22224,11:26:30,114.062683,22.547268,0,28
22224,14:06:26,114.0606,22.534117,1,37
22224,14:07:41,114.059898,22.535683,1,36
22224,00:29:36,114.059769,22.567066,1,79
22224,14:10:37,114.058037,22.54895,1,25
22224,01:39:26,114.054466,22.562134,0,33
22224,12:23:57,114.054253,22.625317,1,2
22224,11:18:22,114.053886,22.525833,1,31
22224,11:18:08,114.052536,22.52565,1,44
22224,12:33:05,114.050934,22.589033,0,55
22224,11:04:34,114.048531,22.5201,1,30
22224,16:05:57,114.048203,22.594833,1,43
22224,21:31:26,114.047668,22.565018,1,57
22224,14:17:26,114.047668,22.547632,1,13
22224,12:32:13,114.047066,22.594618,0,46
22224,16:14:20,114.046669,22.633333,0,0
22224,16:12:03,114.046402,22.63135,1,47
22224,12:13:27,114.046181,22.597134,1,49
22224,11:05:34,114.044746,22.51955,1,68
22224,00:11:55,114.041199,22.55525,0,20
22224,00:11:45,114.040932,22.556101,0,17
22224,21:24:37,114.03965,22.553432,1,2
22224,00:02:27,114.035652,22.555782,0,48
22224,16:03:57,114.035599,22.594067,1,71
22224,19:59:31,114.034698,22.567766,1,26
22224,16:35:37,114.034683,22.62495,1,1
22224,16:29:43,114.033836,22.626467,0,33
22224,20:00:19,114.033699,22.567249,0,1
22224,21:20:46,114.032967,22.5476,1,43
22224,21:06:18,114.029831,22.54425,1,12
22224,20:04:38,114.027313,22.563032,1,30
22224,14:28:16,114.026566,22.526951,1,24
22224,01:31:40,114.02565,22.5627,1,39
22224,16:46:32,114.024597,22.620684,1,21
22224,16:44:17,114.022346,22.618532,0,4
22224,14:24:01,114.022102,22.539917,1,31
22224,20:34:35,114.021965,22.658283,0,10
22224,20:35:35,114.021484,22.657516,0,1
22224,20:40:49,114.020966,22.652634,0,2
22224,14:38:18,114.01918,22.532133,1,37
22224,14:54:33,113.923401,22.521833,1,49
22224,17:01:56,113.92585,22.575916,1,84
22224,15:15:43,113.927879,22.547817,1,50
22224,15:17:13,113.932083,22.5424,1,80
22224,14:51:33,113.935921,22.524633,1,72
22224,15:29:39,113.943069,22.52635,0,14
22224,15:18:28,113.944336,22.542633,1,48
22224,15:26:08,113.944984,22.536133,1,0
22224,15:33:25,113.950371,22.53525,1,80
22224,15:37:40,113.95295,22.562767,1,26
22224,15:36:25,113.953003,22.556549,1,57
22224,16:59:02,113.95472,22.564167,1,85
22224,10:32:57,113.96048,22.564432,1,25
22224,10:42:37,113.960953,22.555717,1,34
22224,17:08:04,113.9067,22.6423,1,103
22224,10:42:52,113.961853,22.556566,1,33
22224,14:47:33,113.98468,22.523483,1,60
22224,19:47:46,113.99028,22.558567,1,32
22224,15:58:10,113.995415,22.588934,1,17
22224,06:46:11,114.004829,22.556383,1,67
22224,21:11:45,114.0093,22.547916,1,39
22224,14:44:33,114.011635,22.530884,1,45
22224,14:43:48,114.011734,22.535,1,43
22224,21:10:45,114.011986,22.543966,1,14
22224,20:08:53,114.014366,22.56395,1,11
22224,21:10:00,114.015053,22.543934,1,53
22224,00:23:05,114.01535,22.556284,0,26
22224,21:17:16,114.017166,22.544367,1,0
22224,20:59:58,114.020233,22.548367,1,34
22224,20:46:45,114.021233,22.638666,1,29
22224,21:09:00,114.022469,22.545082,1,85
22224,01:32:10,114.025131,22.560617,1,53
22224,14:25:16,114.025215,22.532417,1,75
22224,15:02:49,113.918602,22.5266,1,8
22224,00:26:36,114.026001,22.560932,1,37
22224,16:03:10,114.026436,22.594601,1,74
22224,21:18:46,114.027634,22.545967,1,59
22224,20:03:53,114.029686,22.56435,1,29
22224,21:06:02,114.029869,22.543882,0,4
22224,07:00:12,113.886986,22.547417,0,8
22224,16:03:32,114.030785,22.594833,1,78
22224,14:35:18,114.031067,22.52685,1,7
22224,16:27:13,114.03212,22.6315,0,40
22224,01:36:11,114.033035,22.561666,0,47
22224,00:16:49,114.033546,22.553516,1,15
22224,00:07:51,114.034065,22.547867,0,39
22224,16:34:37,114.034416,22.624901,1,3
22224,00:02:42,114.03508,22.555201,0,1
22224,16:33:22,114.035301,22.622032,1,3
22224,00:14:26,114.039886,22.553232,1,1
22224,19:57:31,114.041267,22.562733,1,33
22224,01:27:40,114.042366,22.5644,1,71
22224,10:55:46,114.044769,22.5266,1,17
22224,16:12:06,114.046516,22.6318,1,49
22224,16:12:27,114.04763,22.632784,1,41
22224,11:14:51,114.048553,22.520317,1,41
22224,11:15:36,114.048683,22.521601,1,31
22224,06:42:26,114.048767,22.565067,1,82
22224,14:14:25,114.050186,22.5494,1,28
22224,14:13:12,114.051353,22.549467,1,0
22224,14:12:55,114.051399,22.549351,1,0
22224,12:24:58,114.054604,22.625168,0,2
22224,12:24:43,114.05468,22.625217,0,1
22224,12:21:27,114.055534,22.629232,1,0
22224,12:34:05,114.05555,22.579983,0,76
22224,14:08:11,114.058334,22.535566,1,28
22224,14:07:11,114.060364,22.535366,1,0
22224,11:39:02,114.063103,22.532949,0,63
22224,12:10:12,114.064316,22.577383,1,55
22224,14:04:56,114.065567,22.531733,1,25
22224,01:41:26,114.067451,22.557966,0,0
22224,13:52:34,114.068718,22.551067,1,1
22224,11:29:53,114.071266,22.542732,0,50
22224,11:33:01,114.07193,22.538733,1,25
22224,11:45:03,114.0755,22.5343,1,12
22224,11:46:18,114.077568,22.5366,1,12
22224,13:50:04,114.080704,22.5576,1,51
22224,12:05:48,114.081314,22.55875,1,28
22224,22:22:36,114.081551,22.557966,1,31
22224,21:39:33,114.084,22.570984,1,16
22224,11:56:03,114.084068,22.544268,1,24
22224,12:04:03,114.084602,22.555616,1,22
22224,22:21:08,114.084702,22.563417,1,50
22224,22:20:33,114.085785,22.565582,0,1
22224,12:02:18,114.086418,22.551701,1,9
22224,22:19:34,114.087631,22.5655,1,23
22224,22:17:49,114.091118,22.558599,1,35
22224,01:47:41,114.093399,22.56135,0,20
22224,18:27:30,113.784782,22.677782,1,35
22224,18:27:46,113.786499,22.677782,1,46
22224,15:00:04,113.918167,22.524282,1,1
22224,18:24:46,113.786751,22.679449,0,2
22224,18:25:16,113.786766,22.679268,0,11
22224,18:25:33,113.786835,22.678867,1,3
22224,17:49:17,113.786835,22.679501,0,0
22224,17:59:48,113.78685,22.679466,0,0
22224,17:46:44,113.78688,22.678551,1,6
22224,17:45:17,113.787987,22.678083,1,19
22224,17:43:58,113.78817,22.679434,1,0
22224,15:01:34,113.918587,22.526449,1,0
22224,17:42:58,113.788521,22.678133,1,35
22224,17:42:29,113.79335,22.678118,1,52
22224,17:41:46,113.796898,22.677601,1,15
22224,17:38:30,113.796921,22.67655,1,31
22224,17:38:57,113.796936,22.676767,1,0
22224,17:39:58,113.796951,22.677467,1,0
22224,12:40:50,114.093735,22.558399,0,42
22224,17:40:29,113.796951,22.677467,1,0
22224,17:37:56,113.797264,22.675432,1,0
22224,18:32:01,113.797752,22.674049,1,40
22224,17:35:47,113.797882,22.674,1,26
22224,18:33:30,113.798836,22.672716,1,7
22224,18:35:47,113.80098,22.670668,1,6
22224,18:41:24,113.80455,22.6674,1,0
22224,18:42:06,113.805336,22.666883,1,11
22224,18:44:55,113.811882,22.658733,1,0
22224,18:45:28,113.811951,22.658649,1,2
22224,18:47:12,113.812386,22.657949,1,0
22224,18:46:27,113.812401,22.657984,1,0
22224,17:28:56,113.816521,22.65325,1,23
22224,19:03:23,113.81662,22.649418,0,25
22224,18:50:20,113.816864,22.660101,1,27
22224,19:00:34,113.8181,22.649401,1,2
22224,19:00:51,113.81813,22.649332,0,0
22224,19:04:20,113.818481,22.646833,0,30
22224,18:58:34,113.819786,22.6493,1,6
22224,18:58:21,113.82003,22.648884,1,19
22224,18:51:20,113.820847,22.660049,1,49
22224,18:51:48,113.821869,22.6581,1,35
22224,18:52:21,113.821915,22.655733,1,33
22224,18:56:52,113.821983,22.648451,1,0
22224,18:57:06,113.821999,22.648451,1,1
22224,17:09:26,113.897079,22.657801,1,79
22224,18:55:36,113.822182,22.648451,1,1
22224,18:56:19,113.822182,22.648533,1,1
22224,18:55:51,113.822197,22.648466,1,0
22224,18:55:07,113.822197,22.6485,1,0
22224,18:53:22,113.824486,22.651449,1,26
22224,19:22:21,113.824699,22.614683,1,75
22224,18:53:34,113.825249,22.650299,1,35
22224,17:25:23,113.825302,22.649349,1,84
22224,17:25:09,113.82827,22.650084,1,57
22224,17:24:40,113.83197,22.650749,1,14
22224,17:21:41,113.832069,22.650734,1,0
22224,17:23:40,113.8321,22.650717,1,0
22224,17:20:09,113.8321,22.650749,1,1
22224,17:18:21,113.833679,22.64925,1,13
22224,19:23:36,113.839134,22.62055,1,83
22224,17:14:53,113.844482,22.633633,1,59
22224,19:10:40,113.846802,22.623632,0,8
22224,19:26:51,113.869781,22.6206,1,69
22224,12:41:20,114.094681,22.557501,0,11
22224,13:44:19,114.095253,22.561466,1,2
22224,00:33:21,114.096016,22.568701,1,59
22224,04:10:40,114.100014,22.613518,0,2
22224,04:15:40,114.100037,22.613501,0,2
22224,06:26:25,114.100182,22.613632,0,1
22224,13:11:05,114.10025,22.555099,0,8
22224,06:24:55,114.100281,22.61375,0,2
22224,02:02:40,114.100365,22.607668,0,2
22224,06:29:11,114.101082,22.611549,1,5
22224,22:07:33,114.10112,22.597816,0,33
22224,22:37:43,114.101997,22.547382,1,3
22224,22:28:21,114.103798,22.554951,1,1
22224,22:29:13,114.104469,22.554033,1,6
22224,22:32:00,114.104668,22.549633,1,11
22224,06:31:11,114.104698,22.609501,1,19
22224,02:17:40,114.10482,22.609467,0,13
22224,01:17:48,114.105202,22.551451,0,21
22224,22:48:55,114.1054,22.558567,1,53
22224,22:10:02,114.107483,22.591516,0,46
22224,22:02:18,114.10817,22.592867,1,43
22224,13:25:48,114.114151,22.563932,1,53
22224,00:58:46,114.115196,22.553717,0,23
22224,00:58:17,114.115318,22.555967,0,9
22224,00:38:41,114.12233,22.578783,1,7
22224,13:23:18,114.122437,22.569668,1,23
22224,23:04:28,114.128532,22.556801,1,61
22224,23:06:58,114.13205,22.562099,1,19
22224,23:07:13,114.132965,22.563133,1,56
22224,23:08:58,114.136253,22.56675,1,0
22224,23:11:43,114.137016,22.570984,1,7
22224,23:29:29,114.17028,22.649584,1,98
22224,23:29:54,114.17675,22.65325,1,99
22224,23:30:30,114.183014,22.656733,1,96
22224,23:31:13,114.192581,22.661449,1,95
22224,23:31:54,114.201881,22.666267,1,91
22224,23:32:56,114.204414,22.677883,1,41
22224,23:34:15,114.21302,22.680201,1,44
22224,23:34:30,114.215149,22.681101,1,78
22224,23:36:03,114.23288,22.689867,1,83
22224,23:39:33,114.272217,22.709732,1,95
22224,23:42:48,114.312431,22.727917,1,84
22224,23:44:51,114.339546,22.729733,1,89
22224,23:45:05,114.343414,22.730183,1,99
22224,23:48:05,114.373848,22.7563,1,89
22224,14:59:04,113.917648,22.522551,1,65
22224,23:48:33,114.380814,22.758633,1,99
22224,23:52:27,114.428596,22.782917,1,86
22224,07:03:12,113.887016,22.547466,0,0
22224,17:10:24,113.885429,22.658417,1,85
22224,17:06:04,113.921486,22.617916,1,105
22224,17:20:26,113.83213,22.650717,1,3
22224,18:27:47,113.786499,22.677782,1,46
22224,18:24:47,113.786751,22.679449,0,2
22224,18:25:17,113.786766,22.679268,0,11
22224,17:49:47,113.786781,22.679501,0,0
22224,18:26:04,113.786819,22.678467,1,3
22224,17:49:18,113.786835,22.679501,0,0
22224,18:26:15,113.786903,22.67815,1,11
22224,18:29:45,113.79007,22.677851,1,36
22224,17:41:58,113.796715,22.678133,1,22
22224,18:31:32,113.796799,22.677299,1,38
22224,17:40:59,113.796936,22.677467,1,0
22224,17:39:59,113.796951,22.677467,1,0
22224,17:37:28,113.797264,22.675432,1,1
22224,17:37:45,113.797302,22.675417,1,0
22224,17:35:31,113.79863,22.672983,1,37
22224,18:35:18,113.800499,22.6714,1,8
22224,17:34:47,113.801147,22.671249,1,27
22224,18:41:25,113.80455,22.6674,1,0
22224,18:42:07,113.805336,22.666883,1,11
22224,17:32:17,113.806702,22.666267,1,0
22224,18:44:56,113.811882,22.658733,1,0
22224,18:45:43,113.812233,22.658199,1,25
22224,18:47:44,113.812386,22.657949,1,0
22224,18:48:52,113.813637,22.658367,1,21
22224,18:48:55,113.813721,22.658434,1,17
22224,18:49:19,113.814316,22.6588,1,7
22224,18:49:52,113.815132,22.659218,1,22
22224,19:02:36,113.815216,22.652184,0,5
22224,19:02:22,113.815231,22.6521,0,1
22224,19:01:50,113.816269,22.650351,0,55
22224,19:03:37,113.816719,22.649166,0,3
22224,19:01:37,113.8172,22.648968,0,20
22224,19:04:08,113.817665,22.64765,0,38
22224,18:50:36,113.817764,22.660601,1,11
22224,19:04:35,113.81945,22.647432,0,47
22224,17:26:54,113.819717,22.649401,1,14
22224,18:58:35,113.819786,22.6493,1,6
22224,18:51:07,113.820084,22.6612,1,37
22224,17:26:10,113.82032,22.648199,1,13
22224,18:51:21,113.820847,22.660049,1,49
22224,18:51:49,113.821869,22.6581,1,35
22224,18:57:20,113.821899,22.648417,1,1
22224,18:57:07,113.821999,22.648451,1,1
22224,18:55:37,113.822182,22.648451,1,1
22224,18:52:51,113.822929,22.653282,1,38
22224,19:05:20,113.825935,22.64855,0,69
22224,17:24:41,113.83197,22.650749,1,14
22224,17:23:25,113.832085,22.6507,1,0
22224,17:23:11,113.8321,22.6507,1,0
22224,17:22:39,113.832169,22.650682,1,1
22224,17:18:54,113.832634,22.650766,1,23
22224,17:18:40,113.833435,22.650284,1,25
22224,19:08:36,113.842667,22.63065,0,9
22224,19:24:21,113.84745,22.622883,1,60
22224,19:27:36,113.876701,22.615517,1,81
22224,19:28:21,113.882317,22.607634,1,95
22224,17:10:39,113.882332,22.657883,1,92
22224,17:10:25,113.885429,22.658417,1,85
22224,10:12:57,113.887016,22.547518,0,0
22224,10:12:42,113.887016,22.547533,0,0
22224,09:30:27,113.88707,22.547466,0,0
22224,09:50:27,113.88707,22.547501,0,0
22224,10:14:27,113.8871,22.547533,0,0
22224,10:17:42,113.894348,22.553499,0,0
22224,10:19:57,113.897797,22.556517,0,0
22224,17:07:32,113.908386,22.635483,1,96
22224,17:06:47,113.914284,22.626484,1,95
22224,19:32:21,113.914917,22.576418,1,70
22224,17:06:05,113.921486,22.617916,1,105
22224,14:56:18,113.921936,22.518967,1,33
22224,19:34:06,113.922333,22.568466,1,50
22224,15:08:49,113.922714,22.53545,1,0
22224,15:16:43,113.926781,22.54265,1,45
22224,14:51:18,113.938614,22.524584,1,75
22224,14:50:48,113.944771,22.524467,1,82
22224,15:32:25,113.949516,22.530083,1,0
22224,16:59:17,113.951736,22.564667,1,84
22224,15:34:10,113.951866,22.537733,1,0
22224,15:37:10,113.953003,22.561417,1,14
22224,15:38:25,113.956253,22.5637,1,51
22224,15:38:40,113.959,22.563368,1,76
22224,16:58:32,113.961052,22.563168,1,81
22224,16:58:16,113.964249,22.564516,1,89
22224,16:56:32,113.969017,22.584118,1,84
22224,16:56:17,113.972,22.585817,1,86
22224,15:49:25,113.983566,22.586117,1,2
22224,19:48:16,113.992432,22.557583,1,16
22224,19:49:01,113.994766,22.556467,1,40
22224,20:18:53,114.001419,22.635866,1,71
22224,20:24:23,114.006935,22.64715,1,45
22224,20:24:38,114.008286,22.648001,1,33
22224,20:25:08,114.010216,22.649384,1,34
22224,16:01:55,114.011833,22.590134,1,71
22224,21:14:46,114.013397,22.550467,0,0
22224,20:09:38,114.01387,22.565483,1,22
22224,19:52:01,114.014282,22.559917,1,62
22224,19:52:16,114.016548,22.560118,1,68
22224,20:28:38,114.017784,22.653749,1,40
22224,00:20:19,114.020081,22.560667,1,13
22224,16:45:40,114.022682,22.620001,1,17
22224,21:01:43,114.023949,22.54525,1,72
22224,14:36:48,114.02655,22.5298,1,63
22224,01:31:10,114.026619,22.561666,1,19
22224,14:34:03,114.028183,22.526733,1,6
22224,16:38:07,114.028214,22.623501,1,19
22224,21:03:43,114.029701,22.545082,1,4
22224,21:06:45,114.029816,22.544968,1,12
22224,14:34:33,114.030197,22.526966,1,20
22224,01:35:56,114.030983,22.56135,0,53
22224,16:28:28,114.031952,22.630899,0,1
22224,16:28:42,114.031982,22.63085,0,3
22224,20:02:23,114.033318,22.567051,0,4
22224,16:29:13,114.033333,22.628082,0,36
22224,00:03:28,114.034332,22.554117,1,53
22224,16:19:20,114.034966,22.6336,0,66
22224,00:27:36,114.036652,22.562668,1,74
22224,11:08:34,114.038666,22.516233,1,1
22224,16:18:50,114.039467,22.633101,0,38
22224,06:43:11,114.040169,22.563534,1,75
22224,21:25:06,114.041153,22.553801,1,24
22224,16:18:20,114.042351,22.632683,0,45
22224,11:05:49,114.042465,22.5208,1,54
22224,12:13:57,114.044197,22.599899,1,44
22224,10:56:16,114.04512,22.525566,1,19
22224,10:58:48,114.047729,22.5257,1,2
22224,12:32:50,114.049683,22.590183,0,48
22224,00:28:51,114.050919,22.56485,1,75
22224,12:16:27,114.053886,22.6077,1,1
22224,12:10:57,114.057434,22.578667,1,70
22224,11:26:00,114.062248,22.549566,0,23
22224,11:26:15,114.062599,22.548166,0,44
22224,11:39:47,114.063301,22.535017,0,2
22224,11:41:17,114.064117,22.537518,0,38
22224,12:09:30,114.067482,22.5725,1,45
22224,12:07:18,114.067947,22.558317,1,18
22224,14:04:26,114.068268,22.53195,1,35
22224,14:03:56,114.068398,22.532682,1,52
22224,13:57:54,114.071869,22.531567,1,27
22224,11:34:16,114.071983,22.531982,1,30
22224,11:33:46,114.072067,22.534782,1,2
22224,13:58:39,114.072166,22.529467,1,43
22224,21:34:33,114.073318,22.570284,1,28
22224,13:51:04,114.075119,22.551483,1,56
22224,12:38:20,114.077049,22.558167,0,52
22224,01:43:26,114.080803,22.558184,0,63
22224,13:49:49,114.082047,22.558367,1,45
22224,12:00:18,114.08403,22.5481,1,12
22224,01:23:40,114.084801,22.57045,1,48
22224,01:22:40,114.088852,22.562817,1,56
22224,13:47:19,114.094597,22.558733,1,19
22224,13:45:19,114.094719,22.56135,1,2
22224,13:42:12,114.095901,22.561501,1,8
22224,22:25:06,114.098251,22.558384,1,49
22224,22:14:18,114.098999,22.569166,0,54
22224,22:14:33,114.099136,22.566917,0,57
22224,01:57:41,114.099434,22.5781,0,39
22224,02:00:55,114.09967,22.605467,0,2
22224,02:20:25,114.099869,22.613483,0,3
22224,03:10:39,114.099968,22.613417,0,2
22224,03:00:40,114.100014,22.613434,0,2
22224,03:45:40,114.100082,22.613367,0,1
22224,13:10:50,114.1007,22.555201,0,5
22224,22:35:10,114.103035,22.544399,1,46
22224,22:39:54,114.10347,22.549232,1,17
22224,02:17:25,114.103516,22.609234,0,46
22224,22:28:22,114.103798,22.554951,1,1
22224,01:05:11,114.103882,22.553783,1,44
22224,01:12:18,114.104034,22.5548,0,57
22224,22:48:40,114.104134,22.558268,1,17
22224,22:40:39,114.104248,22.54895,1,7
22224,13:36:25,114.104347,22.558617,1,1
22224,22:46:06,114.105782,22.553368,0,4
22224,22:01:43,114.110718,22.5977,1,50
22224,21:54:33,114.115021,22.601767,1,0
22224,13:29:33,114.115265,22.553749,1,23
22224,00:57:47,114.115364,22.558384,0,8
22224,21:57:52,114.115715,22.602983,1,56
22224,21:55:03,114.116096,22.603167,1,48
22224,00:45:32,114.116615,22.579983,0,41
22224,00:45:02,114.116684,22.580084,0,25
22224,00:44:47,114.11808,22.579866,0,19
22224,00:49:17,114.120033,22.571117,0,19
22224,00:48:47,114.122032,22.571934,0,1
22224,00:43:02,114.122635,22.579451,0,6
22224,23:02:28,114.125351,22.54775,1,0
22224,22:52:40,114.125732,22.548668,1,20
22224,22:53:10,114.125847,22.547182,1,15
22224,23:12:43,114.137871,22.571882,1,12
22224,23:29:04,114.164284,22.647484,1,90
22224,23:29:15,114.167099,22.648184,1,99
22224,23:31:14,114.192581,22.661449,1,95
22224,23:31:43,114.199219,22.6646,1,93
22224,23:31:55,114.201881,22.666267,1,91
22224,23:32:28,114.203568,22.672483,1,88
22224,23:32:43,114.203796,22.67585,1,85
22224,23:33:12,114.205582,22.6779,1,28
22224,23:33:27,114.206665,22.677999,1,32
22224,23:47:03,114.362831,22.749233,1,96
22224,23:48:34,114.380814,22.758633,1,99
22224,23:50:00,114.399651,22.76635,1,88
22224,23:52:42,114.431953,22.784201,1,92
22224,18:56:50,113.821983,22.648451,1,0
22224,18:10:47,113.786751,22.679399,0,3
22224,18:24:36,113.786781,22.679501,0,1
22224,18:25:50,113.786819,22.678801,1,9
22224,17:48:47,113.786819,22.679068,0,20
22224,17:49:15,113.786835,22.679501,0,0
22224,17:46:17,113.78685,22.678101,1,0
22224,17:59:46,113.78685,22.679466,0,0
22224,17:45:29,113.787003,22.678049,1,23
22224,17:45:15,113.787987,22.678083,1,19
22224,17:43:56,113.78817,22.679434,1,0
22224,18:29:02,113.788185,22.676283,1,23
22224,17:42:56,113.788521,22.678133,1,35
22224,18:30:03,113.791817,22.677868,1,45
22224,17:41:44,113.796898,22.677601,1,15
22224,17:39:46,113.796921,22.677467,1,0
22224,17:39:56,113.796951,22.677467,1,0
22224,17:40:47,113.796951,22.677467,1,0
22224,17:38:16,113.79715,22.67555,1,16
22224,17:36:46,113.797264,22.675467,1,0
22224,17:36:31,113.797279,22.675449,1,1
22224,17:35:45,113.797882,22.674,1,26
22224,18:33:03,113.79847,22.672951,1,10
22224,18:34:17,113.799202,22.672466,1,4
22224,18:35:45,113.80098,22.670668,1,6
22224,17:34:16,113.801666,22.670549,1,0
22224,18:41:22,113.80455,22.6674,1,0
22224,17:32:08,113.806702,22.66625,1,0
22224,17:32:11,113.806702,22.66625,1,0
22224,18:47:30,113.812386,22.657949,1,0
22224,18:46:15,113.812401,22.657967,1,0
22224,17:30:41,113.812614,22.657883,1,41
22224,19:16:10,113.813469,22.624533,0,32
22224,18:49:06,113.814034,22.658649,1,12
22224,18:49:37,113.814636,22.659,1,8
22224,17:29:25,113.814751,22.655251,1,56
22224,17:28:54,113.816521,22.65325,1,23
22224,19:03:21,113.81662,22.649418,0,25
22224,17:28:24,113.816704,22.653067,1,0
22224,17:27:10,113.819504,22.6497,1,9
22224,17:25:56,113.820831,22.648132,1,36
22224,18:57:04,113.821999,22.648451,1,1
22224,18:54:49,113.822166,22.648451,1,1
22224,18:55:34,113.822182,22.648451,1,1
22224,18:55:05,113.822197,22.6485,1,0
22224,18:53:20,113.824486,22.651449,1,26
22224,19:05:52,113.829269,22.646133,0,55
22224,17:21:10,113.831917,22.650734,1,2
22224,17:19:39,113.832001,22.650734,1,0
22224,17:18:09,113.833321,22.649183,1,4
22224,08:20:27,113.887001,22.547466,0,0
22224,07:01:57,113.887016,22.547483,0,0
22224,07:04:12,113.887016,22.547483,0,0
22224,08:55:27,113.88707,22.547449,0,0
22224,06:56:26,113.895081,22.554117,1,1
22224,17:09:41,113.895897,22.65975,1,75
22224,17:09:24,113.897079,22.657801,1,79
22224,10:19:42,113.897797,22.556499,0,1
22224,17:08:02,113.9067,22.6423,1,103
22224,14:58:19,113.918297,22.520617,1,0
22224,15:00:19,113.918381,22.525217,1,50
22224,15:03:49,113.919365,22.529716,1,48
22224,06:53:11,113.919952,22.555733,1,86
22224,15:11:49,113.922386,22.5438,1,19
22224,15:14:28,113.92318,22.549133,0,0
22224,19:38:13,113.930679,22.555,1,55
22224,14:51:48,113.933319,22.524683,1,62
22224,15:19:43,113.944946,22.541883,1,9
22224,15:32:55,113.949982,22.530367,1,36
22224,15:33:40,113.951736,22.537649,1,41
22224,19:40:28,113.953247,22.556284,1,74
22224,15:34:55,113.954285,22.54245,1,66
22224,10:31:57,113.961998,22.557783,1,66
22224,10:35:42,113.965553,22.566717,1,33
22224,10:44:37,113.977081,22.556984,1,72
22224,16:55:47,113.978485,22.586218,1,83
22224,14:48:03,113.9786,22.522932,1,81
22224,06:48:11,113.981285,22.557966,1,79
22224,15:58:40,113.995819,22.589001,1,6
22224,19:50:16,113.999733,22.555782,1,32
22224,20:23:38,114.002182,22.6443,1,47
22224,20:16:53,114.00827,22.616133,1,76
22224,20:54:58,114.010132,22.59215,1,69
22224,20:26:53,114.01062,22.649567,1,19
22224,21:14:43,114.013397,22.550467,0,0
22224,14:43:18,114.014435,22.534567,1,25
22224,00:19:34,114.022385,22.561783,1,63
22224,14:37:18,114.022797,22.53215,1,61
22224,16:45:47,114.023018,22.62015,1,23
22224,00:24:20,114.023033,22.5555,0,52
22224,01:32:55,114.02813,22.55755,1,18
22224,21:07:30,114.029869,22.545267,1,3
22224,19:55:16,114.033035,22.562134,1,5
22224,16:23:13,114.033401,22.633883,0,0
22224,00:08:59,114.034248,22.547867,0,0
22224,21:22:46,114.034264,22.549683,1,44
22224,00:08:18,114.034317,22.547916,0,0
22224,16:32:07,114.034416,22.624582,0,1
22224,16:32:37,114.034431,22.624201,1,21
22224,01:36:26,114.035034,22.562134,0,49
22224,00:03:12,114.035164,22.555,0,2
22224,11:08:49,114.038521,22.5156,1,14
22224,21:25:37,114.040886,22.5553,1,0
22224,21:30:13,114.04113,22.562,1,34
22224,00:28:06,114.042198,22.563917,1,83
22224,14:20:16,114.043701,22.542482,1,60
22224,16:07:42,114.044563,22.607401,1,48
22224,10:54:46,114.044769,22.529333,1,56
22224,10:57:17,114.045349,22.525633,0,2
22224,16:06:42,114.045433,22.599333,1,50
22224,14:19:02,114.047302,22.543167,1,26
22224,12:12:57,114.048019,22.593134,1,54
22224,11:16:21,114.048653,22.5235,0,12
22224,12:15:12,114.048798,22.604282,1,72
22224,12:11:57,114.053131,22.585882,1,66
22224,12:23:42,114.054665,22.62525,1,21
22224,12:25:16,114.054848,22.6252,0,11
22224,12:22:57,114.055351,22.627068,1,0
22224,12:19:57,114.055702,22.624317,1,18
22224,00:29:21,114.056915,22.565651,1,83
22224,06:41:41,114.057999,22.566267,1,80
22224,14:11:16,114.058037,22.549267,1,24
22224,14:05:41,114.060402,22.532351,1,40
22224,12:10:27,114.062164,22.578033,1,57
22224,12:37:05,114.067703,22.55875,0,36
22224,01:42:11,114.06778,22.558001,0,32
22224,13:51:34,114.069702,22.551117,1,54
22224,11:30:38,114.072014,22.541367,0,5
22224,13:59:54,114.072037,22.528467,1,13
22224,12:37:50,114.072685,22.5581,0,62
22224,11:43:17,114.073151,22.536016,0,22
22224,11:44:32,114.074783,22.534599,0,13
22224,01:42:56,114.075317,22.558149,0,70
22224,01:23:55,114.083351,22.571583,1,57
22224,11:52:03,114.084663,22.543234,1,5
22224,21:40:33,114.085648,22.568768,1,31
22224,22:23:36,114.088799,22.558283,1,65
22224,01:46:41,114.089996,22.560583,0,0
22224,01:45:41,114.090752,22.558434,0,15
22224,12:44:35,114.094749,22.556482,0,3
22224,22:13:48,114.098549,22.573233,0,49
22224,22:13:20,114.098579,22.576218,0,45
22224,13:08:50,114.099419,22.556067,0,55
22224,04:55:40,114.100014,22.613449,0,0
22224,06:27:43,114.10083,22.612316,1,15
22224,06:27:57,114.10125,22.612383,1,2
22224,06:29:41,114.101952,22.611017,1,28
22224,22:26:21,114.102615,22.558533,1,33
22224,06:29:56,114.102852,22.610117,1,36
22224,01:03:26,114.10405,22.549168,1,14
22224,01:17:18,114.104866,22.549282,0,7
22224,01:03:44,114.104965,22.549368,1,3
22224,01:03:56,114.105034,22.549299,1,7
22224,22:46:39,114.10582,22.553249,0,2
22224,01:09:33,114.106865,22.565166,0,33
22224,01:06:48,114.107002,22.562317,1,51
22224,22:49:10,114.107849,22.558617,1,77
22224,22:02:48,114.10788,22.592768,1,0
22224,13:34:40,114.110916,22.557051,1,37
22224,00:59:17,114.111168,22.554768,0,53
22224,21:53:03,114.111252,22.596283,1,25
22224,21:51:48,114.111267,22.587749,1,44
22224,21:53:33,114.112831,22.599133,1,67
22224,13:35:10,114.112885,22.559334,1,32
22224,21:58:35,114.11338,22.600451,1,23
22224,21:51:03,114.113586,22.583982,1,41
22224,21:50:48,114.114449,22.582783,1,42
22224,21:50:03,114.11557,22.579132,1,34
22224,13:25:18,114.116249,22.566799,1,52
22224,00:36:19,114.116669,22.577118,1,63
22224,21:48:18,114.11702,22.576183,1,23
22224,00:45:47,114.117714,22.5804,0,25
22224,00:54:02,114.123833,22.558483,0,35
22224,23:08:43,114.13623,22.566767,1,0
22224,23:17:43,114.139381,22.575968,1,41
22224,23:26:18,114.151001,22.637367,1,11
22224,23:28:58,114.163834,22.6474,1,91
22224,23:29:27,114.17028,22.649584,1,98
22224,23:32:54,114.204414,22.677883,1,41
22224,23:34:13,114.21302,22.680201,1,44
22224,23:34:57,114.22187,22.682734,1,94
22224,23:38:18,114.254219,22.70945,1,88
22224,23:40:48,114.288536,22.713467,1,89
22224,23:45:03,114.343414,22.730183,1,99
22224,23:48:03,114.373848,22.7563,1,89
22224,23:59:55,114.450035,22.806749,1,16
22225,16:26:48,113.8843,22.67235,0,6
22225,16:21:50,113.88813,22.671368,0,13
22225,23:40:35,113.892281,22.663282,0,50
22225,03:49:47,113.898537,22.5847,0,0
22225,03:54:47,113.898537,22.5847,0,0
22225,03:09:47,113.898598,22.584667,0,0
22225,03:14:47,113.898598,22.584667,0,0
22225,18:33:29,113.921402,22.660299,1,72
22225,06:30:59,113.947815,22.686367,1,0
22225,01:08:15,113.957748,22.686916,0,6
22225,00:43:16,113.957802,22.686832,0,0
22225,06:36:18,113.958168,22.686617,0,8
22225,18:54:03,113.965935,22.687567,1,0
22225,18:49:10,113.9674,22.685301,1,0
22225,10:07:01,114.024315,22.636551,1,23
22225,10:57:59,114.032333,22.631933,1,34
22225,13:53:53,114.034615,22.594233,1,73
22225,14:24:36,114.117554,22.648632,1,50
22225,14:09:18,114.132965,22.616051,1,0
22225,02:09:27,113.828033,22.706682,0,62
22225,02:04:01,113.842766,22.748417,0,51
22225,16:57:12,113.872383,22.598618,0,0
22225,16:26:56,113.8843,22.67235,0,0
22225,16:21:51,113.88813,22.671368,0,13
22225,23:40:45,113.892281,22.661383,0,77
22225,02:34:47,113.893219,22.567867,0,0
22225,05:55:22,113.916946,22.589983,0,50
22225,06:00:33,113.922119,22.643499,0,59
22225,16:11:50,113.92215,22.673384,0,39
22225,06:31:15,113.947815,22.686367,1,0